Country Code,2006,2007,2008,2009,2010,2011,2012,2013,2014,2015
AFG,272.563077018147,369.835795969823,373.361116300036,445.893297923744,553.300289383064,603.53702306241,669.009050888028,638.61254321276,629.345250343771,569.577922915754
AGO,2062.41514942577,2878.83714393079,3868.57888289748,3347.84485033644,3529.05348173757,4299.01288877922,4598.24998765441,4804.61688354724,4709.31202367384,3695.79374814656
ALB,3005.01290331851,3603.01368536638,4370.53964653148,4114.13654490945,4094.35883191918,4437.17806843608,4247.61430826246,4413.08169670601,4578.66672753259,3934.89539413158
AND,43748.7721588999,48582.8084550866,47785.6590856793,43339.3798746543,39736.3540626699,41098.7669417228,38391.0808669785,40619.7112977795,42294.9947269717,36038.2676044596
ARB,4336.71858341177,4937.5982177301,6115.51778057895,5158.20851706515,5917.57430778759,6855.52728664347,7343.12131796659,7439.37940081515,7452.04048407423,6435.52550875833
ARE,42372.2216623658,42672.6132294857,45758.9055356627,33072.5751663719,35049.1483168035,40462.3120889984,42112.2356474253,43350.6426809366,44449.7403485595,39101.7468895974
ARG,5878.76102735208,7193.61763973522,8953.35927526277,8161.30696648652,10276.2604977053,12726.9083594731,12969.7071238969,12976.6364245411,12245.2564487696,13467.1023570022
ARM,2158.00290895457,3138.80870341248,4010.02699722693,2993.83253109033,3218.38165488465,3526.97814267659,3684.80481032649,3843.5912130934,3994.71235479566,3617.93574555176
ASM,8456.94799658994,8980.53641434813,9871.99719445906,12058.26382343,10352.8227618312,10375.9942154736,11660.329531052,11589.8530023324,11598.7517362051,11865.9632317194
ATG,12812.7644376195,14350.918887831,14797.3684231605,13082.2816597386,12174.6978594572,11931.2041070835,12517.5579290917,12194.6087607071,12946.9869363675,13659.1479142644
AUS,36118.2838130869,40991.9828858155,49664.6850434485,42742.9989811703,51874.0804819957,62245.100292102,67635.3155532647,67708.6892863784,62099.6144131172,56408.3404284049
AUT,40635.2818159724,46855.7717452095,51708.7657541758,47963.1794023217,46858.0432733717,51374.9584066934,48567.69528642,50719.3882770685,51733.4819170733,44255.5833562366
AZE,2473.08577636837,3851.43786871172,5574.60380218613,4950.29479142375,5842.80578358576,7189.69122920765,7496.33572799679,7875.75695254288,7891.29977558849,5500.31038244408
BDI,165.87941756143,170.799900471753,196.247262831381,204.94465018984,231.194325649216,260.479907338153,265.285605131269,282.755525208188,312.748979387017,300.676556924016
BEL,38852.3729277437,44403.7668991523,48424.5755963147,44880.5730196227,44380.1766327308,47702.8118941685,44740.5832481477,46582.6695503412,47379.1739168858,40375.3886393001
BEN,625.830091976463,706.053541900699,820.151349819346,793.452430030705,757.695907409377,825.942785363215,837.950500075362,915.267458596353,943.686575031401,783.947090952422
BFA,422.633237360208,475.110012184526,569.761278420206,552.745552106433,575.446452687734,666.840410055466,673.822818226635,699.781537016479,703.821656461717,575.314454176312
BGD,494.050146576549,541.065148395087,615.777541053092,681.120536769049,757.671757176894,835.789340127412,856.342857027401,951.889453456343,1084.56542980269,1210.15876939761
BGR,4513.13627954383,5932.89967659315,7261.75449200277,6969.55855668357,6843.26328885315,7813.80349946173,7378.02553944156,7674.86055914027,7853.33519086217,6993.47735975728
BHR,19307.9954920205,20977.1105261075,23067.5653465171,19356.6723557874,20722.1038895508,22512.1596038712,23649.3666139101,24737.1717830704,24983.3790153356,22688.8782442968
BHS,23719.1078819641,24301.2432520857,23652.3305303491,22037.1080100097,21921.5590634977,21523.9737238384,28815.527404385,28303.4672887287,28374.3579411203,29056.0906632751
BIH,3404.32169771567,4180.29217625809,5078.31457720914,4701.33442641347,4614.8290411405,5054.32534423757,4722.01340306727,5042.58221304612,5204.24371841169,4584.24254781755
BLR,3848.21596648735,4735.48482673686,6377.36973201232,5176.2638299699,6029.3967998293,6519.23019498892,6940.15925359735,7978.87261471076,8318.51268992675,5949.10630699748
BLZ,4187.37802969592,4324.87642716156,4470.22079597603,4258.78861143762,4344.15017661252,4516.24674961724,4673.63848043219,4688.53844343529,4852.22366602785,4849.99749504576
BOL,1233.59443543787,1389.63488800496,1736.93505102289,1776.86647562189,1981.16070450437,2377.67591794125,2645.22775260146,2947.93852628051,3124.00030982516,3077.02619917158
BRA,5860.14597534658,7313.55796155951,8787.61037498832,8553.38047007269,11224.1540829355,13167.4728917533,12291.4668523291,12216.9044643396,12026.6173095243,8757.20620228724
BRB,15439.9921465683,16381.4955640051,16613.7192186615,15922.9001328689,15959.0297922874,16610.4183520372,16536.2146421152,16326.9134788626,16261.7993189477,16129.0492827663
BRN,30980.9669198566,32672.3671711068,37951.2805959782,27965.4750379503,35268.1011703581,47017.0273004715,47651.2590896413,44597.279681535,41530.6689792581,30967.890506377
BTN,1335.45690588598,1741.14255168898,1795.18130720282,1770.23449659172,2178.92138307967,2458.0459761545,2422.00801577828,2350.88288924473,2504.71740655941,2615.31022007844
BWA,5374.55486690776,5714.0479369416,5623.37956613594,5185.72984538137,6346.15620387349,7645.21461151315,7029.23145024034,7007.62578590176,7497.76237763566,6532.04467749128
CAF,347.607367766294,397.148046663325,456.861433397657,449.960183909181,446.443449375206,494.330677886517,486.410113966205,337.484961398269,377.13202741973,348.381417033715
CAN,40386.6994835116,44544.5268004039,46596.3359912609,40773.4543637445,47447.4760241936,52082.2107601003,52496.6948704709,52418.3150618347,50453.5153505288,43335.1591057924
CEB,9468.13173645406,11961.7482792727,14498.3177737833,12214.3641192329,12567.1283124459,13888.4531656534,13001.8229587829,13714.8356929145,14139.2694251838,12450.1334230983
CHE,57579.5019538092,63555.2374995504,72487.8459296849,69927.4687701171,74605.7210207051,88415.6280609527,83538.2300783858,85112.4643984141,86605.5633762421,82016.0213129432
CHL,9484.68122668526,10526.8774613085,10781.3660783703,10243.328236588,12860.1776447469,14705.6924209903,15431.9029324117,15941.3972192328,14817.3777768495,13653.2263998697
CHN,2099.22943460447,2695.36591709669,3471.2480543115,3838.43397176904,4560.51258600929,5633.7957168394,6337.88332279255,7077.77076539558,7683.50261309118,8069.21302389511
CIV,951.947895564691,1065.89637469891,1242.43104388465,1217.74920575106,1219.74909551521,1214.70394645331,1262.48021811586,1423.68228222575,1569.92827532574,1434.32661467505
CMR,1081.36983060812,1215.80821289835,1396.82498760165,1338.88437707877,1309.12220801948,1429.64755266211,1380.50984820072,1493.74656747065,1571.18253466367,1353.92448961447
COG,2012.11007047306,2111.20948856339,2881.59411605216,2255.33311863864,2737.34233022991,3196.64752370824,2952.05234806594,2964.57298903058,2910.52022576864,1712.12114632566
COL,3709.07876411748,4674.21952786361,5433.72042471932,5148.42210577533,6250.65492574579,7227.73979734658,7884.98437480658,8030.5859140752,7913.38324203845,6044.52565531043
COM,648.300871676333,720.759301258731,795.970501862599,778.545419864544,769.174288260466,829.758688479073,788.632652955229,834.341094890303,852.954307862846,727.646386827046
CPV,2304.2899020136,3112.28571215206,3638.90594639645,3444.55659984684,3312.82598480901,3670.42945259692,3408.48276238421,3558.79631355078,3529.61840305663,2954.11946734235
CRI,5245.18737215155,6120.62341828065,6911.13613586409,6809.39622366841,8199.41462068027,9186.59638993395,9985.36958970111,10569.6663143866,10647.4417945857,11406.3627271108
CSS,7700.56507038615,8519.86265970596,9658.23067086351,8053.49135495725,8726.32615363309,9417.75283628871,9986.79165910522,10013.4760721049,9967.3299357512,9648.39943979854
CUB,4669.06091614789,5184.49422741447,5376.4476221145,5484.77630011197,5676.14140269906,6075.92430626005,6425.94111866075,6760.15343974549,7050.5019901192,7602.26121831897
CYP,27169.9925579717,31386.6326506534,35390.7048833763,32105.8159000782,30818.4639574235,32233.8394246573,28984.9148053503,27942.3166728809,27400.802986104,23212.2247018375
CZE,15183.6360541375,18373.6489976913,22698.8539572605,19741.5976279826,19808.0710912518,21717.4579392202,19729.8705111763,19916.0193873722,19744.5586092159,17715.6168523009
DEU,36447.8723183195,41814.8190965222,45699.1983232962,41732.707253158,41785.556912554,46810.3279588057,44065.2489082767,46530.9114275776,48042.5634346518,41323.921502169
DJI,965.669377892257,1047.58689638521,1214.07711829591,1253.65743119943,1325.99072352076,1430.98689832546,1536.15068518041,1622.6379744125,1740.91501089716,1862.16727373104
DMA,5513.16070968083,5939.05358494506,6446.66383185391,6866.22489903457,6912.43571398947,6986.04678509347,6745.84959397241,6933.41542868836,7195.39348989265,7313.84935207206
DNK,52026.9931124155,58487.0450116405,64322.0666441526,58163.2935943068,58041.4112245601,61753.6600721804,58507.5002096272,61191.1926260428,62548.9850174371,53012.9965835008
DOM,3836.46877132197,4647.31035906985,5011.03793729372,4952.67750344452,5451.06695994465,5759.06429998817,5968.87676663626,6027.05554403674,6268.69212177713,6468.47164839225
DZA,3464.61007870202,3935.18334285931,4905.25486576261,3868.83123040908,4463.39467488951,5432.41331978116,5565.13452104848,5471.12338878709,5466.42577841535,4160.22006671831
EAP,1970.33917410745,2472.76536597294,3106.18603214105,3345.55120887585,4007.3237826445,4863.48925681781,5386.48952876495,5903.31623364589,6301.91912664322,6509.1108644881
EAR,1997.28873490367,2335.55743136139,2593.23803965988,2458.92364316571,2926.48390729671,3238.77583766909,3328.0571883119,3341.57196182031,3414.09298893878,3259.70002124806
EAS,5095.28825193752,5659.76561640996,6491.19269175593,6643.33349377976,7674.4757046682,8838.76807570108,9395.77760481057,9440.32610990884,9657.18312206688,9533.91232576678
ECA,5312.22018196119,6841.46683278795,8436.33458596413,6613.76677256174,7822.76250917472,9597.17956261884,10083.259272843,10653.3998534061,9887.84805101045,7521.36531925434
ECS,20709.6855324954,24108.8478373846,26352.5392538962,23084.2269564389,23536.9060598313,26015.8890295232,24970.975180496,25976.5545475879,26192.9347219616,22442.9942316612
ECU,3350.78654130881,3590.71808551265,4274.95206457671,4255.56570141121,4657.3023611471,5223.35176320248,5702.10431276527,6074.09082895834,6396.63048339218,6150.15595531519
EGY,1375.19631599113,1640.47606839651,2011.24615406866,2291.66706219766,2602.47954869567,2747.48032671166,3181.44170830415,3213.38915790942,3327.75424726108,3547.71301183827
EMU,33802.4873994596,38718.447192302,42235.2490800301,38491.6724372957,37617.722310156,40614.9077740661,37598.8900937201,39107.5042351238,39820.5848452651,34351.6089297841
ESP,28482.6094833461,32709.4010383771,35579.3099338804,32334.0054777912,30736.6278530812,31835.2888008408,28563.8590381915,29211.7737455935,29623.1644451343,25789.5195481476
EST,12595.4106486304,16586.4052048847,18094.5480527831,14726.3182780587,14638.6048173457,17454.8434246435,17421.8902227378,19072.2385175669,19949.5813766971,17155.8741759995
ETH,193.794905642516,243.302682246946,325.382554265056,379.756638540888,341.309909200504,354.846354368724,468.506724907536,502.153588732071,571.162275886001,645.465006707765
EUU,30936.2107502825,35597.5879374336,38135.4110612101,33977.4418832539,33687.5881704569,36412.968349913,34230.9515305165,35584.582165425,36666.6497989082,32198.6671304312
FCS,917.507030470222,1100.47869722084,1386.61463334808,1259.71872214197,1466.46802085725,1558.69665996092,1644.79909158853,1720.05489518262,1767.48688933868,1559.0504938177
FIN,41120.6765061581,48288.5490978186,53401.3148725198,47107.1557090705,46202.4151628454,50790.7241454802,47415.5598711351,49638.0771298139,49914.6186421589,42419.5655667694
FJI,3749.93981348645,4078.8232700144,4177.65778874269,3369.40824665782,3651.96678405546,4353.12139240993,4546.73850445133,4763.06895557778,5045.76992637815,4921.95072272884
FRA,36544.5056623887,41600.5852745045,45413.0664176308,41631.1314123702,40703.3459209005,43810.2015505945,40838.025058798,42554.1201199212,42955.2418942185,36526.7701083069
FRO,40719.5750317748,47024.2296980726,49773.1668730863,46521.5017134755,47397.9029229641,50789.0486039991,48421.8030715067,53612.8250038773,57543.6690591516,50581.9684915586
FSM,2397.45183755346,2441.50155122861,2516.01868335918,2693.02327818392,2861.77134805435,3000.94811922527,3150.91060162507,3047.58442460126,3057.24558957843,3018.00867541869
GAB,7141.54916678737,8352.81710056754,10094.0274577256,7603.66022253846,8754.11392185095,10716.2032034624,9774.18076112105,9679.75920410781,9692.16387376944,7388.98414439318
GBR,44252.3158234429,50134.3160971463,46767.5922156593,38262.1821338364,38893.0184937365,41412.3492395708,41790.7791407408,42724.0678844007,46783.4692171284,44305.5546320834
GEO,1872.68041606715,2492.12877994527,3174.94900068643,2706.58851158173,2964.47703373088,3725.06322121592,4142.8691753655,4274.37685702961,4429.65007451491,3764.64091159037
GHA,922.93516768545,1090.68671771468,1224.40155350237,1086.76503836319,1312.60755731025,1574.97865331211,1629.80022222505,1814.492297022,1432.2279425605,1361.1139050484
GIN,427.069185852702,622.151667177585,674.597106795942,636.271709466238,635.671485240139,614.86944823632,654.799802694386,726.094074670497,744.682317792726,725.064689715606
GMB,439.342367379608,519.045266312919,607.947973507027,549.310827710281,562.482515877715,514.373860668121,504.974009386455,483.486301200809,434.465646687745,458.969002430362
GNB,418.944500393414,481.069497596642,583.544562168827,544.222077875623,546.721668646992,688.771819686925,604.268355185121,622.135106579748,611.438426719103,585.210556939796
GNQ,12732.0275869622,15761.8391282779,22742.3815908012,16530.2093729134,17136.4456757583,21451.8861709069,21557.6527999109,20246.9930826625,19245.651511712,10717.4821761177
GRC,24801.1578065035,28827.3263555224,31997.2820108813,29710.9702950284,26917.7589787254,25916.2935289351,22242.681934771,21874.8195041667,21760.9797994918,18070.7767788584
GRD,6766.48675588497,7324.19051337554,7947.44432684392,7395.08812525035,7365.6666592364,7410.408438417,7583.18700190696,7956.07654789594,8569.77699775744,9333.2702313727
GRL,32035.0806542734,36232.6827357126,41022.994213564,41277.467889296,40532.5081049666,44212.4411398304,42398.6336725626,43967.1501550467,45317.1142867938,39569.1057905441
GTM,2256.56723964488,2489.95583636783,2794.22180922233,2635.75347441261,2825.52406953376,3187.84529589412,3299.60513936372,3452.82893369505,3687.76376676599,3923.57334364713
GUM,26555.6452019565,27540.8391300242,29056.4969975163,30025.5603494294,30700.4340081784,30862.1099963677,32499.234245779,33278.2540919719,34361.0802214118,35210.7888279758
GUY,1945.63434840604,2327.05832416815,2576.1249570967,2764.30629479659,3044.94912901667,3438.82541126461,3799.75629224491,3941.11469650913,4031.53200737527,4160.26927498792
HIC,35548.1256815889,38546.8399239133,40604.2286288079,37776.9123761386,39326.9041198646,42233.4266872068,42012.6560325476,42216.7320846995,42823.0609341821,40223.1115723657
HKG,28224.2150609389,30594.0178410231,31515.6627713018,30697.340383517,32549.998231121,35142.4879344543,36730.8767001128,38403.7777145477,40315.2855640552,42434.6660251356
HND,1437.62878537462,1592.57218167076,1751.59585650768,1815.48949644078,1932.85828999689,2120.5894686048,2178.37738533424,2136.39385148474,2242.70745940423,2326.15585622742
HPC,517.646729490542,600.649306150865,704.551498748899,692.04038967182,743.250264201654,806.657637882353,844.650353600542,890.9925145999,920.52623472308,883.387667448842
HRV,11363.4184456056,13546.6987224454,15893.8605622792,14157.144161951,13505.7458630323,14539.1842057182,13235.9775701749,13574.7400890627,13467.4682686752,11638.0794784104
HTI,505.470620633981,615.819819181413,674.756414674589,668.297604584601,662.279518162433,740.935845216079,766.843762318888,810.265607301884,830.114811747702,814.546395216916
HUN,11447.8168701583,13907.5033848474,15739.7354115842,13029.883375372,13092.2337567695,14118.1226290277,12888.3045908829,13667.7027865496,14201.4488320148,12483.8659406349
IBD,2668.51781584026,3287.38861306022,3908.43216002442,3756.92003834491,4508.76827481404,5278.71586278413,5543.60339322759,5807.48862627539,5943.03447233241,5554.73333588486
IBT,2210.35154762226,2703.8744535279,3205.22269514587,3073.91317795287,3691.88155743495,4297.42595121671,4503.83986441238,4711.95210306922,4821.61607006383,4500.88547355393
IDA,653.116674077598,745.442717283568,875.618562491636,840.876639829058,1060.06966703009,1174.79814030784,1238.10119273351,1316.46577607979,1393.13834303092,1321.45270225623
IDB,915.645252864368,1024.37207750384,1192.80550838381,1085.34402802499,1561.40389054079,1747.38439799265,1877.55472750994,1993.78969540647,2114.74959784842,1932.69595070808
IDN,1688.87430401505,1975.16737539395,2300.37067483961,2400.36764372736,3113.48063451433,3634.27680451777,3687.95399645786,3620.66398109522,3491.59588685069,3336.10668610138
IDX,523.726671692026,608.403120468007,720.460563999896,725.296892594965,806.472954749217,884.074027415669,911.80948991099,970.523337476058,1024.00160298954,1010.65142392016
IMN,43482.3594306118,73153.3237531121,74203.131764586,69172.1860433739,73935.6789952084,76055.5420958002,79028.0449845933,82356.82336654,89941.6442851908,81672.0227049126
IND,792.025969759245,1018.16637300052,991.484630404955,1090.31776454409,1345.77015320886,1461.67195733844,1446.98540954276,1452.19537323187,1573.11808897472,1596.47000261045
IRL,54306.9127777101,61359.6447686656,61257.8957157287,52104.0351519645,48671.8881193463,52224.0109685972,49177.4412960085,52060.4678610838,55899.1634809878,62544.631291054
IRN,3738.68928376282,4857.36837125152,5574.41043617844,5619.11762112186,6531.9274296787,7729.34335288426,7832.90263547528,6036.1920879904,5540.98413566175,4862.29972856127
IRQ,2351.8124285881,3129.22492225095,4521.03247019802,3735.14483603071,4502.74904825726,5854.61449711212,6651.12241981136,6925.22404568487,6703.07473722928,4974.0269301667
ISL,56103.5411545581,68348.3181700745,55575.2919607981,40461.8925056659,41676.4452733744,46000.0201705118,44333.8501759313,47810.3088819968,52473.1135645153,50734.4435967226
ISR,21827.8231724236,24889.1683615454,29531.5721632187,27709.1175378506,30642.9406174863,33689.8385335933,32525.9565867323,36291.2321104804,37539.9518166878,35691.2691649056
ITA,33410.7474398337,37698.7866483976,40640.1838581691,36976.8455340664,35849.3731979401,38334.6838499718,34814.1251168487,35370.2752583755,35396.6657242265,30171.7419892586
JAM,4313.16008176292,4620.51791279229,4902.51203792002,4293.32282231494,4682.52124815387,5103.35609703138,5209.5061889556,5005.59224938734,4855.80048104555,4939.83728131233
JOR,2537.30048980654,2762.80635412481,3385.60966483112,3492.13090643818,3679.19027463278,3807.32414491854,3870.75321121669,3992.86710705268,4066.94077543088,4096.09927499826
JPN,35433.988963743,35275.2284312667,39339.2975731826,40855.1756354596,44507.6763859172,48167.9972684965,48603.4766497749,40454.4474578903,38096.2115051033,34474.1373599536
KAZ,5291.57565018652,6771.41479681885,8513.56464506814,7165.27704969646,9070.64997199985,11634.4242158163,12387.1898225308,13890.8560077898,12806.5651078094,10509.9810699442
KEN,697.006638520849,839.108111670398,916.899251500998,920.081625174945,967.340077341325,987.445396712381,1155.02058181812,1229.11479786504,1335.06458006543,1349.97014383813
KGZ,543.110702403072,721.768690838857,966.393627185372,871.224389337854,880.037775119109,1123.8831680627,1177.97473487848,1282.43716202467,1279.76978265986,1121.08283510739
KHM,539.879152869659,631.675789036191,745.787787261428,738.232668432632,785.692884137826,882.49014616105,950.024413172994,1028.41956811393,1098.68712310927,1163.18977018231
KIR,1151.55561776067,1357.63221134262,1413.30233951267,1297.28514057002,1493.16051003948,1692.61327703329,1763.81549743152,1724.36173659455,1619.34256645477,1504.71535310173
KNA,12928.6331444226,13538.9285796654,14681.3668353246,14212.3395651282,13704.2544536956,14483.4435058063,13965.558111971,14823.7485920158,15775.8459440106,16178.1886930199
KOR,20888.3801505326,23060.7078836716,20430.6394600807,18291.9195978633,22086.9529193201,24079.788523886,24358.7821758226,25890.0186698906,27811.36638377,27105.076226264
KWT,42717.557253307,45793.9761439148,55571.9980595751,37567.3012105962,38497.6169579293,48268.5912045543,51264.0713358672,48399.9058087085,42996.4081162021,29109.0687433547
LAC,5591.95777650859,6556.49692453872,7581.00227097831,7024.26613768143,8641.87813956247,9720.02856187489,9665.44302249814,9776.76494812478,9891.40449433799,8303.8767505419
LAO,590.30131077706,709.767087046745,899.495078724883,948.127642147914,1141.12711507419,1381.42560554615,1588.63314741682,1838.80601992314,2017.58778126205,2159.43315209405
LBN,5372.06589903658,6014.27111539915,7109.46641330459,8480.94550388481,8858.28397743868,8734.18918518532,8922.89675171623,8721.25421524493,8536.68249414692,8452.44364087841
LBR,178.92709898994,210.373329173465,232.061732031702,303.066749083307,327.420509735634,379.68958030469,415.036195795687,454.122223619442,458.465173386609,452.038071650923
LCA,6856.98688465198,7636.49603168277,7577.20959347245,7384.85930118585,8007.69648429285,8270.54175764425,8218.05321207615,8481.89052082938,8796.69108007004,9306.35886837708
LCN,5877.22534182159,6845.82142540598,7860.08626275062,7299.79188935818,8943.35702203647,10047.8953456613,10026.5542985559,10157.6472249856,10233.1276044201,8674.11557101794
LDC,488.090116290229,581.247079967763,705.680118550356,702.833284115247,780.191187980195,865.605650923731,896.755584621951,950.022181299615,1005.33309875712,970.250719448531
LIC,354.403839150162,412.734381931006,483.050232648521,498.379849599719,522.879419705359,572.19788856286,599.219434805432,630.364280688888,661.097120311504,629.030827513573
LIE,113983.16776211,130267.243270796,142973.83089993,125945.00962441,141165.082856705,158283.076259582,149295.646043634,173528.150454463,179308.075615568,168146.015281103
LKA,1437.70197415321,1632.96113096867,2041.21905317019,2095.4439682866,2808.43418467515,3214.01361842514,3350.59437443851,3620.44931991207,3847.8536973672,3891.65945065356
LMC,1014.33545116579,1228.45466537088,1360.90506040018,1372.77954208575,1692.02701549876,1884.83465026351,1946.6073262043,2000.67534923522,2074.71070374126,2024.83395064038
LMY,2132.17093413462,2610.14203800675,3093.50931815728,2982.52438884589,3588.19190461241,4182.58364126914,4393.87954580858,4598.01561513512,4709.65953300753,4405.30758106339
LSO,915.775748629971,918.540696236012,935.394139075698,924.105932063372,1169.26784178666,1350.67765339316,1281.62055793461,1192.99877202102,1218.46610553204,1152.31958533797
LTE,3491.70798225305,4370.79513290824,5400.90986560708,5188.65561037844,6190.8109549483,7504.14354904284,7979.45053028032,8551.7042288526,8805.62498388283,8202.4147347347
LTU,9240.64254797441,12297.9153480396,14961.5681759187,11837.3910271086,11984.8685698823,14357.7367898041,14341.0830628051,15712.8237625955,16554.9713919032,14252.4285255672
LUX,89739.7116961301,106018.492790674,114293.84332087,103198.669312625,104965.306078267,115761.507705096,106749.013622989,113625.13289956,119225.380022773,101446.786303182
LVA,9667.97570008021,14044.0158891923,16348.53120679,12219.3737898048,11326.2194746243,13702.6894696051,13822.8055940347,15061.937447887,15758.5297429218,13658.0850281401
MAC,29979.8544741413,36402.5605083473,40667.8842333195,40881.3806423831,52374.7944457228,66813.3497409986,76496.3661850193,89524.8443607146,94004.3898288491,75484.2865809425
MAR,2191.47856747356,2494.35355249125,2884.94776014542,2861.55400466683,2834.20471989688,3039.91601555658,2904.74672773209,3111.76288654102,3160.25085089016,2864.09291462974
MDA,950.648204362748,1230.43468472032,1695.97281114375,1525.52611882763,1631.53583179532,1970.57137253336,2046.53678665109,2243.979662444,2244.76376248334,1832.4990518988
MDG,292.150744287583,377.848292823497,470.733254004499,415.689322591492,412.730934137725,454.963463976433,443.906100111531,461.723072174234,452.463192574895,402.088307201027
MDV,4811.66746881947,5559.50682846868,6583.451251528,6615.76378816449,7100.40590931813,7395.68779381366,7473.1956263615,8291.48529256536,9056.65343339593,9575.77070017391
MEA,5026.66655157651,5833.3620332951,7117.74085466531,6228.99261219167,7127.07141457904,8276.88936788929,8720.13709165306,8533.76949774449,8464.05191398895,7336.96993285536
MEX,8767.92025849277,9330.3416866739,9689.05288731404,7748.12330084962,8959.5814158753,9834.47268850955,9820.53257157551,10298.8676612051,10452.7835328408,9152.87230583878
MHL,2763.7390068743,2891.92895640332,2925.9776322341,2917.00114678899,3146.76394849785,3297.55814396102,3516.89991075328,3614.13066126191,3461.7811637491,3390.91029173114
MIC,2311.56788171951,2835.15348305506,3365.008215973,3245.52213156959,3916.75624907283,4575.50860804875,4813.51160262279,5043.88321909075,5172.04266916048,4843.54085692091
MKD,3325.61324190164,4036.14023722037,4793.29295892064,4543.89024355919,4542.90410449183,5064.04110600499,4698.6894759835,5211.49920049925,5469.21789842179,4834.13672297387
MLI,521.642579626446,595.636831880323,689.678422757148,697.015312357325,708.370763247419,835.088909759748,777.347686759476,803.893575679405,848.227948548031,749.950157148436
MLT,16671.5671992638,19375.569601363,21928.7006740562,20675.5825862064,21087.7946931036,22833.3612658162,21942.1147427584,23964.4955138809,26248.771888446,23816.0851407534
MMR,296.900728388917,410.450000139333,643.951370288554,741.077711590194,987.73658320217,1186.42393738945,1175.56178795298,1171.46447748189,1260.42241087532,1138.99227090869
MNA,2599.9014143937,3156.32827528913,3818.67639248397,3629.52463429238,4122.81186091864,4588.71035426408,4829.33748469162,4488.13018268599,4407.79077584251,3924.28930062028
MNE,4383.59509708201,5957.1456931201,7367.75190910882,6727.10776676969,6682.28115774575,7318.74244854117,6586.7192089878,7186.42978682154,7378.34528902948,6514.27269528653
MNG,1334.65189612629,1634.0814313969,2139.62563086411,1717.89876129974,2650.35364830438,3769.59526915879,4368.08224755108,4385.37935468846,4181.5833128422,3946.96207454865
MNP,16048.5021398003,15761.2622452237,16350.0548484268,14279.5559866365,14681.0230780538,13628.0816569367,13980.4162478127,14508.8459545488,15513.6961151502,17020.5779334501
MOZ,385.756714147082,422.146157334164,503.127710872855,463.852617981066,419.225814942685,526.531351664068,566.051387255338,605.985608081366,623.287114146296,528.313975804957
MRT,944.130485052781,1013.31027952443,1167.53573343846,1046.83793458917,1203.38366252431,1393.26173363381,1364.2839258409,1450.57794904371,1326.66865421644,1158.25637052423
MUS,5695.96932704928,6574.65433811493,8030.06300537304,7318.12640972422,8000.37643182154,9197.02697152061,9291.22761861899,9637.00265000958,10153.9382184867,9260.44730250635
MWI,297.697121125902,320.222727439819,372.842677955877,420.737965737717,458.868174427665,512.125405055438,374.501880192755,332.922303904319,354.725396088931,362.657544352305
MYS,6222.98295481975,7269.17114042014,8513.6295414071,7326.74443486459,9071.35698672103,10405.120619133,10779.5075072926,10882.2891042102,11183.729432082,9648.55345515912
NAC,45849.0408211219,47723.7274691787,48232.3100078821,46394.3848463695,48289.700299921,50024.8202953851,51560.704640076,52756.2417743873,54188.9041533054,55156.2441866342
NAM,3881.2095346654,4202.51096811639,4029.06506054848,4153.49788528146,5191.58308141444,5600.97139163233,5749.4047524812,5490.04131223398,5392.71241894972,4770.50093856546
NGA,1019.74328611062,1136.82964486179,1383.89335369553,1097.66142189639,2327.32066957391,2527.94200278768,2755.29778740678,2996.96430245373,3221.67811575213,2655.15797711437
NIC,1240.99261674457,1344.30187125334,1518.8053855473,1464.4977535687,1526.49793806178,1682.95792434336,1792.0380448462,1847.19804868568,1975.46470748978,2095.96648814515
NLD,44453.9711946212,51241.3156170166,56928.8204756806,51900.3400948453,50338.2548273725,53540.6053553521,49474.705606422,51574.489418462,52157.4068701887,44746.3340485236
NOR,74114.697150083,85170.8621662157,97007.9418918692,80067.1766382996,87770.2668443401,100711.224780553,101668.170658652,103059.24822759,97199.9190963458,74498.13763927
NPL,348.631453417498,393.884351771306,473.844440907314,480.72009086822,592.183521642014,692.116684217348,681.792586817722,688.617278796698,706.238697681072,747.160462355857
NZL,26670.8645228341,32509.7347119416,31287.7786475125,28200.9419253104,33691.3483689734,38426.5508077771,39970.2562445037,42889.8814066272,44503.2467325879,38201.5745534488
OED,32591.6757004087,35359.6639220846,37138.9303122841,34499.7181771933,35903.5343996534,38376.4759240812,38061.4233708886,38273.4325136256,38778.0741768238,36412.092163622
OMN,14408.0504962765,15805.1322617934,22075.0353566455,16784.3461606049,19280.7473537557,20986.0003596315,22134.9100672411,21268.7563739522,20458.4522702443,16627.364302495
OSS,9080.42569109277,10825.2392279831,12889.0103470717,10784.7570141686,12212.4832847804,14714.3086668491,15014.0888144628,15310.8542258786,15459.7670387207,12590.418581078
PAK,873.77027271847,950.432793144075,1039.31208844269,1006.60399914224,1040.14226787636,1226.21531390333,1261.20896743422,1272.44106100063,1316.98096583434,1428.63762767431
PAN,5348.5183989528,6068.08660703971,6973.92803961473,7429.62827413089,7937.25993090731,9270.72317088761,10589.8271320652,11685.9798273371,12593.7370420898,13134.043669218
PER,3171.49805601571,3611.21047037166,4208.87801106772,4166.09338685329,5022.49319096369,5771.56587815221,6387.78528050603,6583.11624846311,6491.05245028136,6030.34325949661
PHL,1391.77232508397,1672.685433237,1919.46619469018,1825.34152096044,2129.49924655622,2352.51815590027,2581.81855367229,2760.28914607311,2842.93835295221,2878.33837046494
PLW,9648.50589646212,9682.19825014913,9724.7132687364,9187.44961164094,8956.28236443576,9712.45691538424,10362.0339146353,10899.2447418738,11682.7676116431,13981.8395340098
PNG,1283.77036425584,1440.13030403683,1719.51632741897,1672.49090786895,2004.81811175089,2474.06184613921,2865.873252112,2800.1690288491,2965.98928427039,2659.26350693538
POL,9040.77020561867,11260.3185156411,14001.4468819804,11542.0202909403,12597.8623899641,13890.6962382966,13143.5212186872,13780.1906069881,14339.6745464524,12564.48352518
PRE,781.181763449652,930.734248273181,1154.74185593734,1014.65110208655,1368.07377789004,1535.22993120575,1638.54166405689,1740.53787431084,1806.04729511043,1524.22214003343
PRI,22935.9411586313,23664.8823485096,24898.3388400438,25768.7360476525,26435.7401871545,27278.8748949366,27944.7338937424,28513.1657351067,28981.4573305866,29697.1277914972
PRT,19821.4446268632,22780.0584505513,24815.6088356622,23063.9716141302,22538.6540773482,23196.1837500759,20577.4026375899,21618.7353389663,22077.5361325219,19252.6349536042
PRY,1809.71053905674,2312.19292577549,3059.99218354667,2599.59625853891,3225.59175373637,3988.0118937838,3855.53773490999,4479.90585798851,4712.8227356279,4109.36772421106
PSE,1441.46170046742,1575.56340027289,1855.45702045882,1963.20151865719,2338.71987682303,2664.95138463952,2787.16973802917,2992.20099455427,2960.77800405245,2865.80510851865
PSS,2640.87266795334,2858.93510961535,3040.76032161349,2644.90938722167,2892.65151078469,3383.77746820621,3570.88108686822,3641.69044370354,3764.52276980316,3644.38104613277
PST,35634.9654139578,38644.2524514908,40582.3912248603,38011.3456095209,39449.2966554321,42228.2531262474,41980.6695665395,42156.6559902951,42773.228750204,40308.6835149317
QAT,60256.5592589168,67005.612581433,82967.3722849053,61478.2381274291,70306.2278449301,85948.0704556712,88564.8229796416,88304.8795754258,86852.710189198,66346.5226685873
ROU,5828.74566230123,8214.18537810177,10136.4735592475,8220.10832899514,8297.48362072379,9200.27782470489,8558.3976056224,9585.26659264653,10020.2773322992,8978.38925434643
RUS,6920.19439783608,9101.25308480437,11635.26037297,8562.80959842398,10674.987707365,14351.2120537753,15434.5747807126,16007.0899934444,14125.9087274272,9329.29071323649
RWA,342.365629421051,404.853303927227,500.668726431902,539.153821072148,563.491048683175,617.310764781771,678.079697291679,688.876855732777,706.569951658266,710.348390658908
SAS,765.320071363373,953.790087520474,956.627609291685,1036.03064271353,1252.22796216115,1373.81079829441,1370.56478964644,1387.00838140714,1497.50650175725,1538.35114956696
SAU,15334.6699396085,16472.1660466749,20037.8323388242,16094.2930975756,19259.5872568465,23770.7473862072,25303.094621303,24934.3861423166,24575.4030378327,20653.2420466609
SDN,893.879364531904,1115.69520035548,1291.52882621959,1226.88438122391,1476.47808657841,1666.85775736793,1892.89435161374,1955.66079918474,2176.89802874983,2513.88466117983
SEN,809.803829621985,950.397852182399,1101.20211677825,1021.03786401425,1002.52994032218,1081.93925407848,1038.07764613247,1051.75074536384,1052.12748192149,910.774777246034
SGP,33579.8594757016,39223.5818748702,39721.0481819946,38577.5582156126,46569.6795060716,53166.6758056251,54431.1619899752,56029.1891416371,56336.0723407889,53629.7374603324
SLB,948.6592511289,1046.93112541029,1205.79106732679,1158.28267208798,1272.44802510598,1642.83797435961,1858.68986797649,1880.51589970053,2009.6526224944,1922.04138818612
SLE,322.313468011784,358.82747162133,406.375917792695,394.593243886635,405.128401768805,445.052005000457,561.898423858481,710.818699843413,708.442747409166,587.516261102807
SLV,3062.95176833797,3304.83810650985,3507.34767403439,3366.48213311573,3474.39244489447,3736.58713036289,3827.78626660961,3895.66449099048,3988.77187105817,4127.11774995493
SMR,70662.038997871,83009.1645861791,90682.581010806,76918.1535768746,68758.368617233,65213.6189898105,56403.9948328626,57746.1660696878,56513.5160808722,47610.9850756554
SRB,4129.75874102829,5458.12171842169,6701.77391278013,5821.30539705684,5411.87740391911,6423.29178334583,5659.38020403691,6353.82638279332,6200.17322102474,5237.25533423136
SSA,1018.56185094269,1153.6699466133,1283.71541956435,1196.5012824332,1556.87147662418,1704.98981745445,1739.46367316857,1782.6676814062,1818.18068505828,1596.35713469649
SSF,1019.75409842611,1154.83507528187,1284.74964691811,1197.37359505685,1557.81639736067,1706.00488832931,1740.52035413448,1783.98102904867,1819.46436616137,1597.63923821143
SST,8377.45579000962,9841.61203361731,11609.7090422626,9727.22215265089,10944.1244076178,12982.5432710619,13344.784320622,13592.6737136451,13719.4128644375,11504.323416943
STP,843.800944749184,894.09279877071,1126.46210206395,1099.57104570822,1129.75496146201,1304.32618930158,1380.94995918409,1619.53267760463,1824.16031123871,1615.32071145656
SUR,5207.90001958881,5761.39535978247,6858.16315817664,7443.85017847135,8303.31332009764,8318.97691973879,9272.41345281961,9484.56809775791,9564.40638296649,8724.72389713678
SVK,13139.0321768688,16057.7331439028,18650.3591154107,16512.9819723317,16600.6135880385,18187.1574419478,17274.6423040509,18191.612786163,18629.7796630086,16132.8603100425
SVN,19726.1264959149,23841.3179190744,27501.8102703687,24633.7978523083,23437.4720211387,24985.2482718393,22532.4356384588,23357.939198652,24202.4308360444,20873.1611094925
SWE,46256.4716010495,53324.3793724756,55746.8423811175,46207.0592032962,52076.2559134864,59593.2871119719,57134.0770682404,60283.24522267,59180.1989776727,50812.1908597713
SWZ,2937.36074331066,3047.48803739736,2842.43853009194,3032.51704908186,3690.23922847955,3934.27337283568,3864.76043619193,3587.00031610963,3379.89649909261,3047.94675558222
SYC,12014.3998729502,12154.8299372808,11122.8620677142,9706.95605963959,10804.6844747547,12189.0951601357,12845.17363161,15687.3479494868,15570.7789222605,15390.0406382807
TCD,712.184769377316,801.683884044603,929.770239130465,804.455903856423,896.569734113861,989.236363298336,973.470257398779,986.010317729048,1025.99851471508,777.248705123231
TEA,1991.57506457365,2499.3977208488,3139.58878633141,3381.39452337673,4050.26229857884,4915.54018687397,5443.9995068808,5966.22634670865,6368.93426185104,6578.17940729707
TEC,5638.27950534736,7227.09778444037,8920.89992331001,7041.45164789721,8234.20665761327,9965.5985656102,10344.5673867043,10918.8004196712,10263.459877605,7944.29241450484
TGO,377.336028983739,420.760474338357,513.391913990462,499.646871325977,487.923891266382,562.339359224539,563.689424743521,579.43480503892,620.131848879102,551.130834550516
THA,3368.95257614381,3972.20647536504,4378.68740595675,4212.05490158881,5075.30217639529,5491.15998143099,5859.9156220989,6171.26244433996,5941.84070966336,5814.86313441588
TJK,404.287266548117,520.035955991825,706.091412766773,666.345856945147,738.347522660006,834.541295306236,954.720525255865,1040.21441228998,1104.45901890381,918.677154325296
TKM,2136.66815015991,2600.37142757781,3904.46767465853,4036.45922281818,4439.20300021757,5649.97848562924,6675.26295437575,7304.42052462986,7962.36582439665,6432.66876792426
TLA,5749.68409030739,6729.41043698061,7761.48267037587,7182.11017124015,8861.94419768969,9983.72122931164,9948.70409579732,10076.2115697083,10148.0456221763,8534.50646323472
TLS,419.622200969631,498.849139785964,611.775968496154,719.731543083148,806.062774481769,931.046032648033,1027.78450153878,1190.51036588352,1196.06139111191,1294.54454030977
TMN,2612.82669336212,3174.08522580038,3840.6812919051,3648.61176239266,4143.28874205001,4611.07597928851,4853.34728231498,4505.56052919586,4424.80122872098,3936.59602284952
TON,2892.5226629236,2932.31588336138,3392.88799193658,3070.98724744872,3548.0683985325,4044.97972146496,4500.75036182848,4278.88456700982,4196.47059286118,4093.84958521364
TSA,765.320071363373,953.790087520474,956.627609291685,1036.03064271353,1252.22796216115,1373.81079829441,1370.56478964644,1387.00838140714,1497.50650175725,1538.35114956696
TSS,1019.75409842611,1154.83507528187,1284.74964691811,1197.37359505685,1557.81639736067,1706.00488832931,1740.52035413447,1783.98102904867,1819.46436616137,1597.63923821143
TTO,14095.9633665879,16530.1804420146,21188.118565877,14508.8796049945,16683.9457843568,19053.9706719731,19152.0530067631,19607.7867829676,19325.2773856422,17321.787616163
TUN,3371.7123099588,3778.18417141009,4310.09302630815,4129.97733476516,4140.1517698059,4256.91278981271,4137.548140475,4199.08467815722,4270.30742346799,3828.10063289426
TUR,8034.60667553683,9709.72002232725,10850.8703874308,9036.26671065341,10672.0548208629,11341.1313404224,11720.307701931,12542.930760135,12127.2256705692,10984.7707619208
TUV,2259.33327866066,2638.91184489681,2929.42164040473,2595.63990759047,3021.88952810147,3698.91009628832,3718.01871077083,3542.13508909017,3415.81315754314,2970.02797384009
TZA,471.527376124859,528.063562048951,651.262438712841,658.757952665891,701.604550062032,733.412806541607,820.156289803745,901.731430290916,950.374313843269,872.295494924971
UGA,336.459392347713,401.850863088015,449.692818269711,554.40499104055,595.206173218534,574.940263892048,637.130008854938,655.049607377633,702.880806372124,674.044971989264
UKR,2303.01883093184,3068.60899799696,3891.03782318207,2545.4803410735,2965.14236549771,3569.75702740477,3855.4212801318,4029.71550372131,3104.65829575449,2124.66266591114
UMC,3714.11892050863,4587.90712767961,5569.09198850352,5323.29585453877,6406.22691386545,7609.28376723743,8069.75691445963,8524.81838325559,8739.91869982282,8112.01527985737
URY,5877.87607846966,7009.69704582869,9062.31216423949,9415.1703856875,11938.2120047097,14166.4990835869,15092.0681932945,16881.2056763151,16737.8982699805,15524.8424662711
USA,46437.0671173065,48061.5376613353,48401.4273403899,47001.5553496818,48373.8788155779,49790.6654782305,51450.1222950581,52787.0269489935,54598.5506887519,56469.0089691129
UZB,654.283837283285,830.407694204322,1082.28602501699,1213.26532816388,1377.08214046938,1564.96694510875,1740.4682979775,1907.55123335561,2050.44841384558,2137.57685230278
VCT,5609.64893934308,5977.54485069129,6370.43788624423,6177.61051395826,6231.77023247462,6183.67682211986,6338.11778081316,6597.21138079169,6650.06112836686,6899.69170824472
VIR,41560.9341982634,44333.0656550273,39207.0037546472,38771.2743877127,40043.1901659314,39144.1657740184,37849.7287205036,34837.6587316279,33591.6354603092,34954.9716832235
VNM,779.974893324258,901.324893182575,1143.26857509773,1210.69110967785,1310.37027294129,1515.47992520504,1722.68393092336,1871.32549052319,2012.0462904122,2065.16909895862
VUT,2047.09782277757,2393.36726457511,2697.96137456029,2643.44142250605,2965.80243434839,3275.0916839105,3158.58688044147,3167.34305591771,3148.3651032298,2805.83414035745
WLD,7780.70997294496,8657.47416546156,9379.15434199717,8784.24621173729,9513.32615227697,10446.2628940373,10548.5881656218,10715.2973131398,10871.1775462165,10161.6266360582
WSM,2807.95427393733,3022.56155461238,3509.76149911806,3035.06826866686,3453.43429763501,3942.05164463231,4234.64075149378,4219.0248616681,4179.04993371506,4149.41142948863
XKX,2371.66207856319,2788.47946372413,3254.86067369521,3209.69410857047,3283.21193843172,3712.61366605057,3586.15376954762,3877.03108696647,4054.72133937609,3574.48178231144
YEM,901.759987498529,995.628482783401,1203.72073300004,1093.81291773535,1309.23195973585,1349.42024978639,1420.84272073062,1580.18160062955,1647.03365674887,1401.90331929928
ZAF,5506.19650301465,5994.19540262712,5695.05786031968,5831.11557418879,7275.38211193642,7976.46607704096,7478.22569882149,6822.16438936752,6437.87797573881,5744.32415652725
ZMB,1030.15419934654,1104.58798487761,1369.06824870969,1139.11023298085,1463.21357310715,1644.61967241117,1734.93061223334,1850.79335943919,1738.08820161939,1313.88964550765
ZWE,414.796232048617,396.99821656697,325.678570345959,624.272242525696,719.979516975012,840.949879910207,968.163871452826,1026.38828923027,1031.10461620757,1033.41584182804
